,Adana,Adiyaman,Afyon,Agri,Amasya,Ankara,Antalya,Artvin,Aydin,Balikesir,Bilecik,Bingol,Bitlis,Bolu,Burdur,Bursa,Canakkale,Cankiri,Corum,Denizli,Diyarbakir,Edirne,Elazig,Erzincan,Erzurum,Eskisehir,Gaziantep,Giresun,Gumushane,Hakkari,Hatay,Isparta,Icel,Istanbul,Izmir,Kars,Kastamonu,Kayseri,Kirklareli,Kirsehir,Kocaeli,Konya,Kutahya,Malatya,Manisa,Maras,Mardin,Mugla,Mus,Nevsehir,Nigde,Ordu,Rize,Sakarya,Samsun,Siirt,Sinop,Sivas,Tekirdag,Tokat,Trabzon,Tunceli,Sanliurfa,Usak,Van,Yozgat,Zonguldak
Adana,0,0.023199197,0.013360794,0.007925192,0.012509371,0.015623949,0.013719955,0.007319058,0.008573052,0.008553894,0.009968405,0.012094368,0.010458655,0.011308324,0.011409441,0.009146637,0.006947128,0.013291207,0.013314322,0.009981402,0.014638117,0.006554568,0.015720195,0.011358658,0.009463208,0.011127522,0.037163763,0.010559635,0.009752529,0.008515834,0.040082383,0.01234796,0.110952683,0.008153073,0.008496931,0.007572438,0.011095268,0.022990196,0.006662955,0.020415294,0.009246057,0.021504874,0.011358658,0.019680553,0.008670142,0.041159866,0.01441758,0.008789593,0.010303816,0.026675035,0.03734505,0.010487308,0.00827647,0.009678553,0.010501694,0.010843818,0.008749412,0.017887232,0.007148212,0.015372962,0.009006747,0.012308256,0.022319928,0.011095268,0.008506372,0.016185487,0.010153495
Adiyaman,0.02440082,0,0.008917243,0.012426344,0.012660803,0.010637082,0.009067872,0.010512103,0.006584032,0.006573282,0.007603655,0.023072409,0.019449929,0.008493956,0.008044226,0.007138538,0.005755733,0.01025767,0.011503244,0.007340265,0.039279369,0.005595741,0.028453253,0.014693925,0.015221684,0.008224996,0.053681805,0.011325275,0.011859014,0.012108678,0.025163346,0.008476074,0.02018113,0.006654769,0.006541243,0.011015418,0.009057672,0.018426249,0.005670613,0.01410205,0.007326907,0.011738004,0.00802019,0.043525788,0.006638311,0.049099212,0.027203617,0.006704638,0.017391513,0.015544924,0.015050973,0.011076026,0.009428888,0.007582176,0.010693587,0.020753275,0.00895692,0.019449929,0.006000202,0.015425806,0.010336676,0.019263806,0.073874043,0.007894383,0.013835517,0.013157305,0.007855874
Afyon,0.011695115,0.007421152,0,0.005099924,0.011300676,0.0260751,0.022871333,0.00533543,0.019037786,0.020811493,0.031759719,0.006059042,0.005158815,0.015804954,0.039188893,0.024457302,0.012667865,0.017271393,0.01337585,0.029651773,0.006114325,0.00971203,0.006980522,0.007091323,0.005914652,0.046215867,0.00860244,0.007572091,0.006506117,0.004552514,0.008771336,0.039419416,0.011860709,0.014536444,0.020430795,0.005027232,0.013349204,0.012862381,0.009987035,0.01551227,0.019146573,0.030050676,0.066349511,0.007774131,0.021617099,0.008829118,0.006070019,0.018062805,0.005510938,0.015230229,0.014197671,0.007968253,0.006108752,0.021409906,0.009913167,0.005239484,0.009697975,0.009586982,0.011300676,0.010215397,0.006557046,0.006233768,0.00731583,0.057276074,0.004656915,0.014108001,0.013510687
Agri,0.010400591,0.015504584,0.007646096,0,0.013687971,0.009505175,0.007025853,0.025695577,0.006081701,0.006411596,0.007392914,0.02798599,0.042935771,0.00879,0.007025853,0.007095318,0.005955525,0.010231131,0.012163403,0.00658386,0.022679392,0.006148697,0.020053833,0.027227562,0.054901478,0.007788349,0.013219698,0.018434808,0.026232299,0.023149702,0.010509383,0.007285693,0.009707218,0.007150869,0.00614118,0.046730095,0.010179301,0.012388373,0.006221034,0.010631715,0.007764274,0.009010736,0.007344277,0.016772906,0.0062095,0.012373116,0.019395696,0.00601255,0.041008043,0.01126342,0.010699649,0.017057675,0.018536846,0.007992817,0.013324895,0.030353385,0.010932503,0.016336537,0.006536741,0.014928634,0.020801181,0.023751703,0.016126758,0.007050506,0.043305907,0.011974935,0.008235222
Amasya,0.011118762,0.010699186,0.011475012,0.009270684,0,0.020252031,0.00777678,0.009611133,0.007246733,0.008168886,0.010887492,0.010632316,0.008168886,0.016637365,0.008977154,0.00997754,0.007140275,0.027438235,0.073963939,0.008369843,0.00969328,0.007560758,0.012394686,0.018642965,0.012305031,0.01195902,0.011173534,0.020191936,0.015571356,0.005942954,0.009652032,0.008989012,0.010648955,0.010141106,0.007436811,0.009036763,0.026895978,0.019553685,0.007723817,0.022093125,0.012151219,0.012151219,0.010517283,0.014508918,0.007586045,0.012863294,0.00853787,0.007103009,0.00907291,0.018745681,0.015430119,0.023224172,0.012394686,0.013010865,0.05194414,0.007654311,0.025873317,0.030651722,0.008474075,0.059690196,0.01435587,0.013746833,0.009464092,0.009665742,0.007044185,0.034717767,0.014001404
Ankara,0.013784265,0.008922444,0.026281283,0.006390057,0.020102053,0,0.012415974,0.006761051,0.011201144,0.012743943,0.021579201,0.007463304,0.006151448,0.035362774,0.016005426,0.017681387,0.010343476,0.051559464,0.027681516,0.014159937,0.00740602,0.009903651,0.008898933,0.009817282,0.007710377,0.028988368,0.010036092,0.010755239,0.008737762,0.004944575,0.009918194,0.016043444,0.013984037,0.014910132,0.01166544,0.006277221,0.02756853,0.021107156,0.010187466,0.036313386,0.019749385,0.026179418,0.021717974,0.01021829,0.012039732,0.011390033,0.006767825,0.010858987,0.006654473,0.024383718,0.019521069,0.011565565,0.008040821,0.022145213,0.016120023,0.006145851,0.01556288,0.015281199,0.011545795,0.016928045,0.008829137,0.008257078,0.008338629,0.018354048,0.005455808,0.030982981,0.025202574
Antalya,0.016069551,0.010097758,0.030603445,0.006270496,0.010247782,0.016483105,0,0.006108181,0.026066306,0.017581979,0.018917319,0.007528807,0.006951015,0.012995376,0.073498437,0.016697969,0.01250601,0.013284162,0.011451864,0.040391033,0.008294921,0.009757137,0.008580679,0.008451281,0.007179191,0.021148135,0.011736661,0.008063677,0.007650861,0.006154296,0.011971708,0.068975456,0.018337033,0.012385096,0.020104954,0.006188274,0.011364777,0.01448596,0.009600438,0.015648882,0.014627748,0.027761019,0.024634091,0.009468648,0.020950489,0.012052163,0.008233985,0.028647953,0.006892244,0.016666932,0.016069551,0.008085491,0.006834458,0.015567377,0.009359926,0.007093995,0.009168517,0.01100222,0.010475244,0.010224412,0.007248835,0.007598991,0.009952064,0.030499351,0.006150075,0.013090233,0.011813978
Artvin,0.009932554,0.013563253,0.008271857,0.026571488,0.014674367,0.010399852,0.007077283,0,0.006485301,0.007024646,0.008174234,0.024914753,0.019383306,0.009847822,0.007311367,0.007823382,0.006497468,0.011404448,0.013760863,0.007038924,0.018519522,0.006720215,0.018585782,0.025526909,0.04383735,0.008432997,0.011833089,0.028003913,0.031106143,0.013492795,0.010028428,0.007332006,0.009317894,0.007888726,0.006583937,0.04947358,0.011673541,0.012237281,0.006803832,0.010755126,0.008614803,0.0090108,0.007930879,0.015813473,0.006659905,0.011806195,0.015837579,0.006409286,0.022934772,0.011171454,0.010634035,0.025034824,0.065342465,0.00888747,0.017912848,0.016413036,0.013945573,0.01591034,0.007170084,0.016057885,0.044399367,0.022536772,0.014020853,0.007600184,0.018291289,0.012165635,0.009177961
Aydin,0.009766772,0.007131421,0.024777635,0.005279496,0.009288315,0.014463893,0.025353859,0.005444274,0,0.029766988,0.016612814,0.006116218,0.005387108,0.01219822,0.032065174,0.019732415,0.019168632,0.011882462,0.010297199,0.069220059,0.006159412,0.013135132,0.00681385,0.006797917,0.005929115,0.018057407,0.007936058,0.007085075,0.006338465,0.004867035,0.008045874,0.029766988,0.010470261,0.012732449,0.067090211,0.005219466,0.010285056,0.010370663,0.012807236,0.011210447,0.015194647,0.016121493,0.021016211,0.007378788,0.055908509,0.008083158,0.006124809,0.088098257,0.005678208,0.011475957,0.011012282,0.007347706,0.006044163,0.014512026,0.00853398,0.005454489,0.008410538,0.008410538,0.013735004,0.008704319,0.006375532,0.006172489,0.007056414,0.03137312,0.004958344,0.010623298,0.011124652
Balikesir,0.009044331,0.006607899,0.025138746,0.005165715,0.009717498,0.015272974,0.015871914,0.005473074,0.027626881,0,0.032905188,0.005684464,0.005005984,0.019091217,0.020441101,0.053607127,0.039104716,0.012283272,0.010458238,0.028106514,0.005708516,0.019695076,0.006333862,0.006756825,0.005840315,0.027254802,0.007352113,0.007305664,0.006373761,0.004512083,0.007453661,0.020492851,0.009125903,0.020544863,0.046790035,0.005103831,0.012081606,0.009648005,0.018912795,0.01148181,0.028603096,0.014852617,0.036627494,0.006859895,0.059085227,0.007488137,0.005676491,0.020649684,0.005276842,0.010622935,0.010194806,0.007607778,0.00613233,0.026111859,0.009004089,0.005056013,0.009423372,0.008327856,0.021190252,0.008713322,0.006501748,0.006095389,0.006538511,0.036136947,0.004607101,0.01082176,0.016419221
Bilecik,0.008334376,0.006044194,0.03033555,0.004709935,0.010241282,0.020449844,0.0135038,0.005036035,0.012192002,0.026019517,0,0.005303066,0.004572001,0.029633338,0.018184094,0.067376853,0.017488527,0.014416219,0.011491564,0.016042108,0.005272489,0.013362841,0.0060328,0.006465456,0.005433617,0.080010013,0.006571664,0.007112001,0.00602712,0.003839713,0.006674454,0.0182359,0.008422107,0.025603204,0.015349643,0.004644994,0.013854548,0.010290677,0.013914785,0.013116396,0.046048929,0.015312921,0.058189101,0.00664673,0.016800003,0.007151733,0.004927483,0.011766178,0.004860137,0.011054924,0.009939132,0.007477571,0.005756116,0.062752952,0.009263098,0.004568737,0.00983226,0.008477882,0.016756024,0.008989889,0.006172421,0.005715001,0.005761297,0.025501199,0.004156364,0.012054239,0.022458951
Bingol,0.01186174,0.021514273,0.006788862,0.020914989,0.011732002,0.008296664,0.00630435,0.01800595,0.005265415,0.00527281,0.00622078,0,0.038114118,0.007157751,0.00623628,0.00588439,0.004853575,0.008455497,0.010257488,0.005775755,0.05214223,0.004875637,0.051427953,0.027303568,0.041713784,0.006662361,0.016287378,0.013802355,0.01965571,0.014751436,0.012052137,0.006512126,0.010695842,0.005727293,0.00523604,0.01965571,0.008408154,0.012835011,0.004936543,0.01044295,0.006257068,0.008445986,0.006231105,0.030772464,0.0053026,0.016078118,0.031416239,0.005196181,0.06586387,0.011273996,0.010530829,0.012769526,0.013480218,0.006456132,0.010428446,0.026438314,0.008581121,0.015874167,0.005203383,0.012968016,0.015577762,0.051782629,0.023174325,0.006139396,0.02228036,0.01077257,0.006668278
Bitlis,0.01139169,0.020141828,0.006419336,0.035635542,0.010010464,0.00759446,0.006464122,0.015557308,0.005150535,0.005156906,0.005956226,0.042328512,0,0.006713943,0.005969017,0.005676458,0.004792366,0.007713892,0.009014829,0.005585209,0.039898167,0.004811724,0.024597985,0.017817771,0.025422917,0.00631721,0.015853074,0.012085097,0.015793024,0.024525638,0.011549469,0.006195183,0.010410383,0.00554436,0.00512521,0.020338334,0.007678376,0.010718145,0.004865062,0.00914333,0.005986157,0.007706762,0.005964747,0.019081732,0.005182546,0.014426846,0.029361679,0.005201944,0.100466468,0.00970747,0.009203882,0.01136065,0.01213787,0.006149496,0.009275547,0.085966153,0.00783714,0.012520596,0.005097015,0.010801447,0.013278212,0.02467076,0.02143629,0.005888924,0.049635219,0.009369345,0.006321999
Bolu,0.010666466,0.007617297,0.017031125,0.006317758,0.017655739,0.037807315,0.010465503,0.006844737,0.010099576,0.017031125,0.033431468,0.006883887,0.005814168,0,0.012713375,0.026451272,0.01327426,0.030728499,0.020514765,0.011741784,0.00654687,0.014707123,0.00760126,0.009329712,0.007506442,0.024395936,0.008357867,0.010557306,0.008535694,0.004646845,0.008319352,0.012735798,0.010777906,0.027561821,0.012136466,0.006214455,0.02935446,0.014131501,0.015299147,0.019154369,0.047822498,0.016227409,0.022150912,0.008475584,0.012918063,0.009210711,0.006073337,0.009501575,0.006230541,0.015429909,0.013548212,0.011283121,0.008059372,0.063343835,0.01520252,0.005597827,0.016600453,0.011444053,0.018327912,0.01380726,0.008795612,0.00798805,0.007213983,0.015462949,0.00525178,0.017655739,0.045416335
Burdur,0.01064015,0.007132409,0.041751701,0.004992686,0.009418919,0.016918343,0.058520828,0.005024307,0.026248312,0.018029144,0.020282787,0.005929851,0.005110623,0.012569614,0,0.017203713,0.011840035,0.012910562,0.010720031,0.04759694,0.005979515,0.008868995,0.006748148,0.006729068,0.005716206,0.023640864,0.008140868,0.006799563,0.006091758,0.004547478,0.00828253,0.139990999,0.01168501,0.011859703,0.019089682,0.004927219,0.010703959,0.011533992,0.008792538,0.012459932,0.014540817,0.022665209,0.029502235,0.007437022,0.02005489,0.008330853,0.005939718,0.029624651,0.005433441,0.013270522,0.01252551,0.007096959,0.005657322,0.015725861,0.008489347,0.005184852,0.008340585,0.008760173,0.009726895,0.008696152,0.006014778,0.005994577,0.007040967,0.041508959,0.004645114,0.011155533,0.011208071
Bursa,0.00849536,0.006303738,0.025951155,0.005021622,0.010426124,0.018614179,0.013241371,0.00535438,0.016087368,0.047090175,0.074848594,0.005572583,0.004840447,0.026046214,0.017134016,0,0.026238437,0.013997276,0.011376986,0.016271434,0.00554218,0.016930039,0.006292581,0.00679142,0.005757584,0.047722258,0.006817465,0.007430111,0.006354438,0.004095977,0.006916942,0.017175402,0.008577342,0.029261796,0.02208266,0.004955133,0.01370061,0.010290328,0.016271434,0.012765918,0.053868307,0.014600855,0.041101829,0.006890132,0.024862295,0.007376158,0.005197819,0.013143469,0.005130315,0.010973174,0.009972814,0.007788189,0.006082649,0.044720858,0.009506172,0.004837154,0.010043244,0.008629389,0.018961644,0.009104503,0.006499649,0.006041305,0.006025946,0.022937472,0.004419277,0.011851027,0.020791276
Canakkale,0.00916404,0.007218565,0.019090307,0.005986231,0.010596823,0.015465195,0.014084759,0.00631568,0.022195104,0.04878634,0.027592274,0.006527972,0.005803892,0.01856392,0.01674755,0.037264843,0,0.012963764,0.0116614,0.02040156,0.006498567,0.046538121,0.00720826,0.007662195,0.006705692,0.024044696,0.007720774,0.008223756,0.007265304,0.005046863,0.007810342,0.016775369,0.009231053,0.031558664,0.031073146,0.005919562,0.012783256,0.010497684,0.043157147,0.012196585,0.025058988,0.013429219,0.023595263,0.007750401,0.03005587,0.008177144,0.006184184,0.018228831,0.006094612,0.010988871,0.01026298,0.008529369,0.007013036,0.023485517,0.009910473,0.005800559,0.010315396,0.009222623,0.053716874,0.009599593,0.007398368,0.00697429,0.00698877,0.023431026,0.005371687,0.011594457,0.016474343
Cankiri,0.012157961,0.008921001,0.018048932,0.00713135,0.028237844,0.053457904,0.010374793,0.007687141,0.009540852,0.010626685,0.01577249,0.007886245,0.006478247,0.029799938,0.012663626,0.013785404,0.008989712,0,0.044890932,0.011518068,0.007595429,0.009780706,0.009106613,0.01142412,0.008742803,0.019238971,0.009989993,0.012968492,0.010223336,0.005027269,0.009130359,0.012686568,0.012307531,0.014090514,0.00986336,0.006995989,0.061429697,0.020123521,0.009905213,0.032724231,0.018142449,0.018002533,0.015843858,0.010163985,0.010119921,0.011276949,0.006885925,0.009300113,0.007017019,0.022960608,0.01809557,0.014118922,0.009312481,0.020065861,0.021157056,0.006314685,0.023112163,0.015843858,0.011133522,0.020967022,0.010344144,0.009425283,0.008356785,0.014034039,0.005768522,0.02846742,0.022445466
Corum,0.011380734,0.00934846,0.013061721,0.007922424,0.071129588,0.026819353,0.008357499,0.008667446,0.007726,0.00845468,0.011748514,0.008939784,0.00707451,0.018590688,0.009825709,0.010470275,0.007556492,0.041948219,0,0.009076175,0.008542979,0.00776266,0.01067524,0.014319304,0.010145616,0.013718914,0.010387178,0.017041464,0.012370363,0.005290155,0.009013667,0.009840484,0.01152099,0.010657854,0.007951303,0.007744286,0.033387358,0.023624267,0.007941653,0.030295936,0.013009785,0.01398274,0.011790851,0.012277527,0.008129096,0.01189804,0.007600374,0.007556492,0.007771879,0.022410692,0.017686276,0.01924683,0.010979735,0.014042751,0.037393841,0.006866655,0.021315707,0.022880846,0.008772014,0.036763607,0.012560311,0.011148079,0.008531841,0.010692683,0.006185182,0.062922328,0.015253898
Denizli,0.010237457,0.007157821,0.034743937,0.005145563,0.009658216,0.016461488,0.035369954,0.005319871,0.06231849,0.02726434,0.019679523,0.0060401,0.005259297,0.012767691,0.052347532,0.01796826,0.015862888,0.012914687,0.01089061,0,0.006086922,0.011265609,0.006804272,0.006786629,0.005838015,0.021994761,0.00807002,0.007106,0.006281704,0.004713163,0.008196378,0.047018741,0.011043783,0.012098813,0.035054151,0.005082285,0.010875526,0.010982,0.010997381,0.012043144,0.014595037,0.018920795,0.027169999,0.007435729,0.038117135,0.008239381,0.006049407,0.054152619,0.005568886,0.012385063,0.011789985,0.007400688,0.005962133,0.015672914,0.008763538,0.005330706,0.008619242,0.008619242,0.011754685,0.008963618,0.006322166,0.006101111,0.007073991,0.051658749,0.004808408,0.011298028,0.011479722
Diyarbakir,0.014633219,0.037332554,0.006982823,0.017275787,0.010901957,0.008391638,0.007079717,0.013642021,0.005404784,0.00539716,0.006304097,0.053147039,0.036618055,0.006938507,0.006409693,0.005965061,0.004924822,0.008300622,0.009991088,0.005932693,0,0.004801238,0.050020742,0.018850181,0.023620906,0.00674883,0.024142503,0.011123799,0.01454976,0.016145936,0.014918467,0.00669569,0.012927658,0.005606721,0.00537442,0.01454976,0.008013794,0.012927658,0.004859158,0.010541561,0.006103009,0.008706682,0.006393629,0.030490731,0.005443224,0.020740308,0.080559722,0.005490081,0.029663463,0.011371729,0.010629408,0.01049818,0.010917509,0.006288557,0.009344534,0.040926062,0.00793075,0.015944112,0.00511234,0.013015601,0.012225517,0.02772889,0.042517631,0.006309294,0.020300195,0.010870985,0.00648574
Edirne,0.008315089,0.006749148,0.014075397,0.005943711,0.010791138,0.014240505,0.010568035,0.006282034,0.014626542,0.023630229,0.020275625,0.006306509,0.005604169,0.01978009,0.012064626,0.023123867,0.044755872,0.01356428,0.011520788,0.013934038,0.006092863,0,0.006739781,0.007677489,0.006684118,0.017373925,0.007167545,0.008265552,0.007264042,0.004749156,0.007146449,0.012079632,0.008365223,0.042410586,0.018187311,0.005875393,0.01317778,0.009692639,0.156645551,0.011188968,0.028564777,0.010827229,0.016489005,0.007231589,0.017820228,0.007617274,0.005780967,0.012728734,0.005886075,0.010127241,0.009484399,0.008587112,0.00700218,0.025761337,0.010053855,0.00545313,0.010488147,0.008655993,0.069371601,0.009577933,0.007402457,0.006962024,0.0065094,0.01534285,0.005204729,0.010791138,0.0173429
Elazig,0.01503006,0.02586445,0.007624624,0.014610059,0.013332677,0.009643794,0.00700444,0.013094167,0.005718468,0.005727417,0.006898812,0.050134516,0.021591857,0.007704884,0.006918374,0.006477557,0.005224582,0.009518387,0.011940684,0.006342842,0.04784078,0.005079555,0,0.027621281,0.022731799,0.007461406,0.021216346,0.013117633,0.018483938,0.011674066,0.015345156,0.007268758,0.013164819,0.006039306,0.00568295,0.013968777,0.009126732,0.016673438,0.005147426,0.01277424,0.006648174,0.009851466,0.006911841,0.074690198,0.005763496,0.022802615,0.029514675,0.005634826,0.028592341,0.01407623,0.012909417,0.012448366,0.012818983,0.00687936,0.01099045,0.021528351,0.009014334,0.022384218,0.00544616,0.016826757,0.014757338,0.054219551,0.021980899,0.006796323,0.015281084,0.013284282,0.007127205
Erzincan,0.011215263,0.013793955,0.007999034,0.020485332,0.020709829,0.010987046,0.007124493,0.018572696,0.005891728,0.006309756,0.007635442,0.027487591,0.016151896,0.009766263,0.007124493,0.007219759,0.005735271,0.012331301,0.016540673,0.006533351,0.018618442,0.005975563,0.028524858,0,0.040207912,0.008207478,0.012391947,0.025798933,0.057702957,0.009691138,0.010187449,0.007484245,0.010173738,0.007296416,0.005966131,0.019482184,0.012231533,0.017102008,0.006066683,0.013123416,0.008171986,0.010132825,0.007566654,0.020823932,0.006052112,0.012899467,0.015087999,0.005805751,0.019633993,0.014453322,0.013261557,0.023402747,0.0247029,0.008512486,0.016986713,0.013522518,0.012598479,0.030727998,0.006471821,0.024865419,0.032723322,0.058146826,0.012899467,0.007158227,0.012577517,0.016083165,0.008882594
Erzurum,0.010079011,0.015413837,0.007196752,0.044556938,0.014744882,0.009308128,0.006528358,0.034404725,0.005543113,0.005883059,0.006921833,0.045299554,0.024859511,0.008476008,0.006528358,0.006602364,0.005414289,0.010179675,0.012641736,0.006062394,0.025166419,0.005611782,0.025322732,0.043371914,0,0.007352498,0.012720624,0.022400878,0.040365939,0.013215429,0.010205156,0.006806277,0.009286925,0.006661699,0.005604069,0.040365939,0.010116526,0.01294273,0.005686137,0.01067267,0.007326073,0.008730107,0.006869351,0.019414095,0.005674266,0.012681057,0.019460429,0.005472429,0.033281305,0.011468242,0.01075715,0.019985097,0.021628434,0.007577992,0.014230226,0.019185694,0.011048672,0.018787834,0.006013215,0.016573008,0.026999734,0.033693883,0.016178412,0.006554598,0.019647999,0.012391975,0.007847853
Eskisehir,0.00938932,0.006598419,0.044550703,0.005007637,0.011352991,0.027724687,0.0152355,0.005243386,0.013374435,0.021750343,0.08074815,0.005731901,0.004893827,0.021823824,0.021390238,0.043354711,0.0153806,0.017746846,0.013542667,0.018094823,0.005696518,0.011556086,0.006584966,0.007013954,0.005824934,0,0.007225785,0.007502732,0.006485795,0.004067917,0.007349092,0.021461302,0.009499782,0.019575309,0.015679252,0.004931185,0.013514335,0.011918546,0.011984883,0.015832971,0.029497041,0.019111988,0.082818615,0.007315801,0.016395563,0.007926199,0.005299304,0.012868231,0.005222192,0.012945595,0.011453638,0.007906796,0.006020365,0.035493692,0.009907748,0.004890123,0.009684935,0.009570151,0.013982364,0.010221285,0.006472798,0.006146386,0.006265618,0.029497041,0.004424556,0.014323397,0.017698225
Gaziantep,0.037094173,0.050942664,0.009809242,0.010054473,0.012547454,0.011354234,0.010001832,0.008703189,0.006953048,0.006940417,0.007845379,0.016575704,0.014527376,0.008844213,0.008713112,0.007326366,0.005842049,0.010900713,0.012129206,0.007853443,0.024105362,0.005639409,0.022148984,0.012526885,0.01192106,0.008547427,0,0.010583656,0.01031228,0.011026551,0.038986733,0.009251089,0.027786908,0.006786323,0.0069028,0.009064531,0.00937595,0.021647024,0.00571961,0.015690759,0.007528473,0.013596796,0.008683409,0.030936841,0.007016896,0.095517495,0.023511999,0.007095079,0.013289391,0.017606912,0.018592213,0.010510866,0.008342139,0.007813292,0.010525344,0.015282799,0.008763073,0.017979764,0.006074245,0.015437171,0.009086088,0.015919583,0.05577664,0.008528348,0.011010662,0.014472348,0.00812051
Giresun,0.00985063,0.010044594,0.008069725,0.013104049,0.021192008,0.011372144,0.006422398,0.019249883,0.005801549,0.006445584,0.00793523,0.013128137,0.0103503,0.010441092,0.006801625,0.007462598,0.005815722,0.013225383,0.018598194,0.006463083,0.010380388,0.006078048,0.012798757,0.024374426,0.019620073,0.008294665,0.00989156,0,0.044084609,0.0072949,0.008730693,0.006808109,0.008994593,0.007549373,0.005916907,0.0126626,0.013760514,0.01448622,0.006177947,0.012002868,0.008552942,0.008983279,0.007605651,0.013128137,0.006006482,0.011124154,0.009120954,0.005713365,0.011765579,0.012441998,0.011500333,0.162311515,0.033687296,0.008949507,0.034170845,0.009074596,0.019095472,0.02404615,0.00662496,0.025875749,0.052129246,0.016883467,0.008994593,0.007170388,0.009191386,0.014786142,0.009384634
Gumushane,0.009923838,0.011473068,0.007563314,0.020339982,0.017826575,0.010077895,0.006646939,0.023323991,0.005661492,0.006134026,0.007335417,0.020393228,0.014754191,0.00920829,0.006646939,0.006961763,0.00560447,0.011372574,0.014726301,0.00623217,0.014810291,0.005826637,0.019672255,0.059467275,0.038565411,0.007821499,0.010513108,0.048087735,0,0.009535145,0.008923497,0.006949343,0.009122029,0.007030878,0.005761992,0.019378639,0.011439373,0.014087185,0.005910632,0.011339466,0.007813654,0.009090097,0.007186543,0.015769662,0.00583974,0.01109717,0.012544627,0.005584382,0.017506097,0.012287402,0.011439373,0.037816568,0.044515503,0.008114805,0.020997879,0.012464341,0.01453398,0.021821325,0.00628243,0.020718652,0.077902131,0.02984756,0.011034296,0.006827531,0.012667013,0.013408284,0.008440101
Hakkari,0.014868734,0.02010074,0.009080837,0.030799521,0.011674229,0.009785499,0.009174325,0.01735973,0.007459259,0.007450943,0.008018591,0.026261281,0.039314682,0.008601668,0.008514008,0.00769988,0.006680156,0.009595831,0.010805976,0.008023405,0.028200405,0.006536426,0.021318966,0.017137169,0.021664493,0.008417501,0.019288589,0.01365372,0.016361067,0,0.015035986,0.008799863,0.013808876,0.007360678,0.007426107,0.023616593,0.009561511,0.012779151,0.006597726,0.011327959,0.007839878,0.01065099,0.00849777,0.01843723,0.007501118,0.017292357,0.03418668,0.007551973,0.033840486,0.011860685,0.012107783,0.013066463,0.014513563,0.008013784,0.011251677,0.046574885,0.009879521,0.014011522,0.006861905,0.012586621,0.014576872,0.020564603,0.024041352,0.008412204,0.066173227,0.011347192,0.008195581
Hatay,0.050142229,0.029928643,0.012535557,0.010017956,0.013584632,0.014063386,0.012786603,0.009244368,0.008835024,0.008818753,0.009986617,0.015372658,0.013264772,0.011033601,0.011110401,0.009316309,0.007406934,0.012486526,0.013191688,0.009997041,0.018668939,0.007047215,0.020077915,0.012907231,0.01198644,0.010895524,0.04886309,0.011708026,0.010970407,0.010772965,0,0.011809082,0.036835253,0.008475368,0.008770298,0.00955805,0.01087079,0.02132999,0.007152476,0.016950736,0.009398592,0.01750853,0.011071868,0.025269566,0.008917286,0.054415714,0.018382276,0.009018047,0.01306571,0.020035911,0.024184762,0.011636896,0.009407825,0.009752715,0.011651053,0.013760295,0.009893766,0.018382276,0.007588879,0.016205018,0.010156061,0.015648963,0.028760257,0.01087079,0.01076086,0.015348022,0.010134567
Isparta,0.011482524,0.007493857,0.041877439,0.005162556,0.009404445,0.01691013,0.054762805,0.005024111,0.02429749,0.018023202,0.02028252,0.006174471,0.005289127,0.012555846,0.139591463,0.01719605,0.011825855,0.012897037,0.010705511,0.042629728,0.00622849,0.008854682,0.007069677,0.007048678,0.005942541,0.02365171,0.008618843,0.00678662,0.006350727,0.004686744,0.008778255,0,0.012128049,0.011845532,0.018636557,0.005092392,0.010689436,0.01253374,0.008778255,0.013638246,0.014528907,0.026966533,0.029540102,0.007831864,0.019558144,0.00883271,0.006185199,0.024380701,0.00563671,0.014618408,0.01371708,0.007083746,0.00564565,0.015715595,0.008475196,0.005368902,0.008326508,0.009318278,0.009712366,0.008703135,0.006002668,0.006244881,0.007392694,0.041632541,0.004790824,0.011651661,0.011193655
Icel,0.117269119,0.020279622,0.014321361,0.007817941,0.012662863,0.016752731,0.016547176,0.007257013,0.009713769,0.0091224,0.010646802,0.011526452,0.010101834,0.012076969,0.013243157,0.009760638,0.007396316,0.014220684,0.01424572,0.011380547,0.013668191,0.006969483,0.014553182,0.010890403,0.00921591,0.011899366,0.029423888,0.010190893,0.009474905,0.008359059,0.03112142,0.013784615,0,0.008681941,0.009061108,0.007492194,0.0118471,0.024820764,0.007085437,0.02198796,0.009855748,0.023251636,0.012149503,0.017667182,0.009247508,0.031731644,0.013485949,0.010089238,0.009964987,0.028898461,0.040866511,0.01012712,0.008140412,0.010320879,0.010890403,0.010440734,0.009279322,0.016280823,0.007604858,0.014270845,0.008804754,0.011709941,0.019639731,0.011864471,0.008350433,0.017363882,0.010832087
Istanbul,0.00873609,0.006779495,0.017794336,0.005838569,0.012225319,0.018108585,0.011330371,0.006228693,0.011975458,0.020820276,0.032812756,0.0062572,0.005454248,0.031309881,0.01362656,0.033757979,0.025634965,0.01650541,0.013360243,0.012639736,0.006009662,0.035821786,0.006768308,0.007918136,0.006701952,0.024858148,0.007285248,0.008671447,0.0074036,0.004517175,0.007259459,0.013649233,0.008801705,0,0.014518918,0.005760666,0.01614801,0.010612146,0.039062804,0.012837541,0.073902603,0.012280223,0.022786636,0.007363724,0.015506973,0.007842437,0.005653473,0.010463251,0.005772828,0.011237245,0.010318477,0.009094444,0.007083928,0.055426952,0.011130514,0.00528556,0.011769281,0.009186102,0.06214537,0.010449922,0.007574505,0.007035325,0.006495003,0.016373631,0.005011111,0.012225319,0.024783048
Izmir,0.008263604,0.006048341,0.022699717,0.004551044,0.008137166,0.012859252,0.016693962,0.004718319,0.057273132,0.043037614,0.017854933,0.005192125,0.004576218,0.012513457,0.019907773,0.023122693,0.022909253,0.01048663,0.009046789,0.033238871,0.005228587,0.013942897,0.005780673,0.005876486,0.005117187,0.018071619,0.006725842,0.006168606,0.005507032,0.004136393,0.00681823,0.019490856,0.008337634,0.013177889,0,0.004498796,0.00903581,0.008769738,0.013512717,0.009874678,0.016399796,0.013512717,0.022291938,0.006256729,0.206819644,0.006849593,0.005199377,0.032513132,0.00482222,0.009694671,0.009306884,0.006401984,0.00524701,0.015479225,0.007460428,0.004633172,0.007349958,0.007292367,0.014743579,0.007612993,0.005539812,0.00532964,0.005985134,0.035286764,0.004213643,0.009341916,0.011213113
Kars,0.010566992,0.01461454,0.008014425,0.049689436,0.014187555,0.009928651,0.007372829,0.050872518,0.006393315,0.006735958,0.007752706,0.027966567,0.026056655,0.009193828,0.007372829,0.007444759,0.00626215,0.010672556,0.012642874,0.006914711,0.020310321,0.006462933,0.020387841,0.027534095,0.052887271,0.008155136,0.012672869,0.018941895,0.026575196,0.018874962,0.010661905,0.007641794,0.009891878,0.007502267,0.006455123,0,0.010619512,0.01287136,0.006538084,0.011082187,0.008136503,0.009420837,0.0077024,0.017175609,0.006526102,0.012642874,0.017203267,0.006321437,0.032670424,0.011726925,0.011151596,0.0175711,0.029593431,0.008372436,0.013820477,0.021071457,0.01138937,0.016850518,0.006865828,0.015438192,0.024502818,0.024170201,0.015132052,0.007398358,0.029349529,0.012451315,0.008622461
Kastamonu,0.011237643,0.00872213,0.015446163,0.007856103,0.030648119,0.031648873,0.009827597,0.00871233,0.009143837,0.011573096,0.016783494,0.008683062,0.007139939,0.03152022,0.011625148,0.01494022,0.009815157,0.068017316,0.039561092,0.010739576,0.008119345,0.010520996,0.009668297,0.012546884,0.009620315,0.016221703,0.009514079,0.01494022,0.011386159,0.005546476,0.008801333,0.011642604,0.011352817,0.015263728,0.009410163,0.007707728,0,0.016783494,0.010799407,0.023640165,0.019531421,0.015415455,0.013945996,0.010739576,0.009632266,0.010549624,0.007384737,0.008943453,0.007730782,0.018505905,0.015476994,0.016324156,0.010607352,0.021538817,0.025012819,0.00678982,0.041026317,0.016324156,0.012115584,0.021127995,0.011820082,0.010366275,0.008144931,0.012649224,0.00636093,0.026195858,0.02861245
Kayseri,0.019760059,0.015057436,0.01262975,0.008113563,0.018908332,0.020562811,0.010630209,0.007750412,0.007824138,0.007842789,0.010578938,0.011248034,0.008457712,0.012876907,0.010630209,0.009522575,0.00684002,0.018908332,0.023754872,0.009202937,0.011115033,0.006566966,0.014988837,0.014887103,0.010444603,0.012140405,0.018640509,0.013347058,0.011898914,0.006290726,0.01465501,0.011584682,0.020184355,0.008512419,0.007750412,0.007927831,0.01424264,0,0.006693896,0.049105221,0.009939728,0.021645065,0.010613064,0.01929648,0.007918291,0.024102929,0.009705162,0.007651279,0.009467769,0.081235798,0.051407029,0.013213052,0.009495093,0.010528159,0.014557743,0.008446854,0.011267294,0.033571937,0.007270828,0.024737217,0.01064741,0.011503671,0.013428775,0.010313636,0.007167865,0.037600569,0.011190646
Kirklareli,0.008288991,0.006707078,0.014193817,0.005897245,0.010810501,0.014365085,0.010197057,0.0062371,0.013985391,0.022252456,0.020704459,0.006261704,0.005556623,0.020178074,0.011729127,0.021794167,0.040701073,0.013471077,0.011558314,0.013339007,0.006047017,0.153613727,0.006697645,0.007643701,0.006641598,0.017669854,0.007128781,0.008238799,0.007226139,0.004700914,0.007112809,0.01174359,0.0083398,0.045352624,0.017285029,0.005828673,0.013264695,0.00968876,0,0.011217964,0.029669941,0.010847439,0.016708862,0.007193392,0.01694671,0.007582843,0.005733926,0.012210322,0.005839394,0.010131969,0.009476668,0.008564794,0.006962026,0.026603495,0.010057076,0.00540525,0.010500608,0.008634679,0.078711166,0.009571911,0.007365855,0.006921549,0.006465751,0.014652386,0.005156498,0.010810501,0.017604531
Kirsehir,0.017411071,0.011434591,0.015113777,0.006909155,0.021198544,0.035102965,0.01139468,0.006758956,0.008392226,0.009261208,0.013379409,0.009080878,0.007159157,0.017318704,0.01139468,0.011721996,0.007885449,0.030510054,0.030227553,0.010014036,0.008993322,0.007522064,0.01139468,0.011335333,0.00854601,0.016002822,0.013406882,0.010973364,0.00950386,0.005533179,0.01155602,0.012507953,0.01774226,0.010217765,0.008659352,0.006772979,0.01990595,0.048725012,0.007690402,0,0.012365817,0.025306789,0.013434468,0.013745582,0.00887113,0.016042141,0.008040827,0.00819216,0.007875937,0.071748918,0.03774076,0.01184964,0.008090646,0.013297661,0.016698597,0.007151316,0.01262892,0.019785308,0.00846842,0.02046756,0.008919606,0.00924809,0.010463384,0.01202422,0.006206418,0.058295996,0.014381391
Kocaeli,0.007493493,0.005645689,0.017727464,0.004794909,0.011079665,0.018142141,0.010121717,0.005144786,0.010809429,0.021924425,0.044637499,0.00517051,0.004454137,0.041090148,0.012636685,0.047004639,0.01539606,0.016074125,0.012335213,0.011532737,0.004947857,0.01824886,0.005635434,0.006707689,0.005574674,0.028331563,0.006112919,0.007430673,0.006223282,0.003639069,0.006088923,0.012662474,0.007557384,0.055897409,0.013666547,0.004725524,0.015628747,0.009372526,0.01932901,0.01175116,0,0.01113934,0.024918122,0.006186054,0.01484357,0.006635949,0.004630308,0.009219335,0.004736345,0.010023606,0.009071071,0.007844011,0.005926086,0.167692226,0.009911521,0.004305768,0.010588076,0.007934287,0.025533384,0.009205656,0.006383346,0.005881149,0.005385948,0.015909262,0.004065932,0.011079665,0.028202783
Konya,0.021955166,0.011393643,0.035049502,0.0070099,0.013957212,0.030294725,0.024198263,0.006778872,0.014447392,0.014341356,0.018698658,0.008791945,0.007223696,0.017564132,0.024812822,0.016049361,0.010393669,0.020092645,0.016700938,0.018833829,0.008891967,0.008713533,0.010519568,0.010477264,0.00836835,0.023124376,0.013907543,0.009831496,0.009120232,0.006227919,0.014288919,0.029606208,0.022459882,0.011700657,0.014185189,0.006892451,0.015538845,0.025710654,0.008902094,0.030294725,0.014032386,0,0.024123577,0.01211789,0.014664238,0.014420736,0.008811769,0.014057624,0.007823863,0.035049502,0.030651133,0.009843878,0.007839558,0.015030844,0.012155582,0.007359735,0.011294854,0.015632078,0.009770049,0.013907543,0.008477266,0.008922419,0.011181744,0.02298835,0.006396104,0.02112443,0.014973255
Kutahya,0.009631198,0.006465565,0.064271559,0.004745196,0.010033118,0.020872757,0.017833592,0.004955288,0.015641994,0.029372975,0.059012977,0.005387077,0.004643367,0.019912354,0.026824081,0.037522702,0.015166887,0.014686488,0.011696266,0.022461687,0.005423081,0.011021099,0.006129771,0.006497925,0.005468768,0.083223429,0.007376622,0.006913128,0.005988402,0.004126782,0.00750454,0.026935384,0.009746888,0.018031743,0.019435412,0.004680193,0.011675229,0.010470044,0.011388469,0.013356847,0.02606999,0.02003527,0,0.006754867,0.020542492,0.007548172,0.005387077,0.014957206,0.004936447,0.011998942,0.011328844,0.007252992,0.005639815,0.030619941,0.008892366,0.004703933,0.008713326,0.008620754,0.013193958,0.009142856,0.006032925,0.005749714,0.006382918,0.046038493,0.004220694,0.012271129,0.016433994
Malatya,0.019140145,0.040246035,0.00863749,0.012429911,0.015875302,0.011264019,0.007862214,0.011332597,0.006299083,0.00630976,0.007731585,0.030514412,0.017037795,0.008738869,0.007755746,0.007214648,0.005714134,0.010806265,0.013969074,0.007050678,0.029663412,0.005543944,0.075974658,0.020511065,0.01772742,0.008432068,0.030143791,0.013686611,0.015071896,0.010269678,0.019645162,0.008190887,0.016256586,0.006683587,0.006256737,0.011970284,0.01031235,0.021834359,0.005623502,0.015674771,0.007423247,0.011543436,0.007747676,0,0.00635283,0.033387966,0.021518834,0.006199431,0.021032532,0.017643404,0.015875302,0.013295565,0.011298204,0.007707574,0.012705659,0.016998896,0.010171471,0.030143791,0.005975535,0.020973286,0.012534539,0.031955006,0.027781778,0.007605226,0.012903841,0.015807891,0.008014549
Manisa,0.008231551,0.005992134,0.023446642,0.004492249,0.008103076,0.012956255,0.016982381,0.004659269,0.046592687,0.053054446,0.019077321,0.005133093,0.004517377,0.01300261,0.02041702,0.025414193,0.021632319,0.010503554,0.009029142,0.035283782,0.005169601,0.013336622,0.005723196,0.005819423,0.005058079,0.018447866,0.006674434,0.006113086,0.00544862,0.004078821,0.006767653,0.019968294,0.00830681,0.013739998,0.201901643,0.004440109,0.009029142,0.008746642,0.012933201,0.009875624,0.017388658,0.013636884,0.023001453,0.006201757,0,0.006799307,0.005140353,0.028503761,0.004763079,0.009691279,0.009294705,0.006347999,0.005188051,0.016333616,0.007416795,0.004574235,0.007312333,0.007246719,0.014086161,0.007571312,0.005481493,0.005270819,0.005928596,0.03766041,0.00415578,0.0093305,0.01157398
Maras,0.040009447,0.045376568,0.009804687,0.009164726,0.014067594,0.012549338,0.010002362,0.008456542,0.006896902,0.006884142,0.008314813,0.01593524,0.012875012,0.009492037,0.008683497,0.007719665,0.006025714,0.011983506,0.013530468,0.007808769,0.020167364,0.005836672,0.023183044,0.012699244,0.011573495,0.00913099,0.093021965,0.011591522,0.010600794,0.009627112,0.042282711,0.009232949,0.029183362,0.007114491,0.006846143,0.008806813,0.01012484,0.027259184,0.005924966,0.018284416,0.007959099,0.013730179,0.008653206,0.033371108,0.006961419,0,0.018374709,0.007040451,0.012897326,0.021021913,0.019032627,0.011501943,0.008838191,0.008287035,0.011519748,0.013481444,0.009396158,0.021570311,0.006317281,0.017931945,0.009702421,0.016319643,0.034293812,0.008495157,0.009975546,0.016611065,0.008643156
Mardin,0.016796038,0.030130731,0.008078529,0.01721756,0.011190334,0.008936569,0.008189804,0.013595574,0.006263129,0.006254345,0.006865817,0.037316721,0.03140386,0.007501006,0.00741988,0.006519515,0.005461541,0.008769613,0.010358532,0.006871107,0.093881014,0.005308748,0.035962485,0.017801789,0.021285671,0.007316404,0.027442143,0.011390417,0.01436183,0.022809965,0.017118419,0.00774865,0.014864494,0.006146586,0.00622814,0.01436183,0.008493997,0.013154419,0.005369474,0.010983616,0.006655744,0.0100549,0.007401408,0.025776579,0.006307423,0.022021472,0,0.00636141,0.025265429,0.011750588,0.012117794,0.010823661,0.011204392,0.00684474,0.009757873,0.038776941,0.008413864,0.015510776,0.005634047,0.013058121,0.012369898,0.024039613,0.047439874,0.00730442,0.019731629,0.011162323,0.007044784
Mugla,0.010975459,0.007959721,0.025767183,0.005720901,0.009978732,0.015369172,0.030541932,0.005897363,0.096561867,0.024386798,0.01757284,0.006615657,0.005963584,0.012578454,0.039666493,0.017670286,0.01725564,0.012695385,0.011038828,0.065928447,0.006857694,0.012528997,0.007359218,0.007342262,0.006415856,0.019043077,0.00887616,0.0076477,0.006852778,0.005400918,0.00900153,0.032738441,0.011919732,0.012193399,0.041745086,0.005656583,0.011026096,0.011115843,0.012255929,0.01199451,0.014204495,0.01719357,0.022026785,0.007959721,0.037488725,0.009044111,0.006818563,0,0.006147669,0.012271662,0.011787454,0.00792672,0.006538731,0.014798181,0.009183117,0.006061905,0.009052675,0.009052675,0.013024012,0.009363002,0.006892303,0.006675716,0.007874485,0.032187289,0.005397868,0.011380506,0.011531514
Mus,0.010928358,0.017537301,0.006677443,0.03314192,0.01082636,0.007999774,0.006241176,0.017924438,0.005286309,0.005293201,0.006165353,0.071226055,0.097828558,0.007005842,0.006179429,0.00585842,0.004900284,0.008136042,0.009643433,0.005758702,0.031471978,0.004921073,0.031717853,0.021090313,0.03314192,0.006564083,0.01412134,0.013376887,0.018246675,0.020556381,0.011077449,0.006428955,0.009999717,0.005714124,0.005258919,0.024831102,0.008095484,0.011683123,0.0049784,0.009794657,0.006198298,0.008127898,0.00617473,0.022937204,0.00532095,0.014072392,0.023002182,0.005221717,0,0.010463622,0.009866064,0.012472765,0.013443328,0.006378453,0.009950699,0.045109835,0.008277034,0.013927565,0.005228442,0.011784863,0.014898661,0.031842237,0.018538288,0.006091351,0.036411526,0.010061673,0.006569393
Nevsehir,0.022162543,0.012279247,0.014456022,0.007130773,0.017522451,0.022962635,0.011822769,0.006839408,0.008369276,0.008347309,0.010985578,0.009550525,0.007404715,0.013591132,0.011822769,0.009815818,0.006921273,0.020854589,0.021783047,0.010032571,0.009451188,0.006632586,0.012232019,0.012161854,0.008946062,0.012746793,0.014655875,0.011081271,0.010032571,0.005643877,0.013306799,0.013060883,0.022716606,0.008713219,0.008282096,0.006982052,0.015180548,0.078526541,0.006766649,0.06989725,0.010275686,0.028523093,0.011757208,0.01507263,0.008480866,0.017967937,0.008380303,0.008165147,0.008196714,0,0.0775689,0.011139492,0.008217894,0.010928952,0.013620235,0.007396104,0.010618781,0.022962635,0.007378944,0.018762979,0.009099642,0.009740658,0.011139492,0.011419479,0.006367017,0.033477104,0.011670917
Nigde,0.034955354,0.013394108,0.01518188,0.007631361,0.016249087,0.020710542,0.012842021,0.007334542,0.009047787,0.009024997,0.011127092,0.010050277,0.007909324,0.013444367,0.012571662,0.010050277,0.007282365,0.018516402,0.019367155,0.010759531,0.009952566,0.006997898,0.012638179,0.012571662,0.009453625,0.012705403,0.017435152,0.011539207,0.010522537,0.006490804,0.018095575,0.013807028,0.036191149,0.009013645,0.008957309,0.007480008,0.014303089,0.055983184,0.007130197,0.041421084,0.010476385,0.028101363,0.012505842,0.015278993,0.009163488,0.018326976,0.009736206,0.008835817,0.008706984,0.087388384,0,0.011447041,0.008728194,0.011075498,0.013148344,0.007900604,0.010584708,0.022116813,0.007730148,0.01818743,0.009605694,0.010236925,0.013076364,0.012166125,0.006850715,0.026738237,0.011747291
Ordu,0.009874758,0.009915506,0.008571431,0.012238664,0.024602639,0.012343447,0.006500066,0.017370056,0.006072934,0.006774975,0.00842123,0.012259478,0.009820944,0.011263396,0.00716558,0.00789548,0.006088322,0.014533414,0.021201686,0.006794131,0.009888303,0.006373628,0.012259478,0.022317564,0.017668072,0.008823223,0.009915506,0.163831209,0.034993074,0.007046504,0.008758898,0.00717271,0.009021994,0.007991766,0.006198257,0.011856206,0.015175944,0.014475047,0.00648253,0.01308271,0.00911324,0.009078808,0.008054272,0.012872452,0.006295697,0.011141535,0.008748268,0.005977258,0.011073077,0.012624471,0.011515293,0,0.028158489,0.009560442,0.043688322,0.008674577,0.021844161,0.023030585,0.006971541,0.031071436,0.039826371,0.015912965,0.008899473,0.007572031,0.008780235,0.01642044,0.010053798
Rize,0.009648363,0.010450511,0.008135584,0.016466303,0.01625635,0.010624686,0.00680239,0.056130416,0.006184848,0.006761164,0.008025842,0.016022866,0.012990882,0.009960643,0.007071899,0.007634505,0.006197733,0.011868,0.01497439,0.006776565,0.012731435,0.006434561,0.015630011,0.029165804,0.02367304,0.008317555,0.009743162,0.042097812,0.050998492,0.009690267,0.008766931,0.007077507,0.008978608,0.007707026,0.006289455,0.024722261,0.012208941,0.012878407,0.00652393,0.011059153,0.008524103,0.008951591,0.007753898,0.013542847,0.006370261,0.010599449,0.01121198,0.006104471,0.014776053,0.011530667,0.010870568,0.034862251,0,0.008836372,0.021198898,0.011383592,0.015229925,0.017957216,0.0069184,0.018288394,0.118996482,0.020469578,0.010130234,0.007388027,0.012412707,0.012841347,0.009172391
Sakarya,0.007553702,0.005626157,0.019089388,0.004753364,0.011424433,0.019590093,0.010373226,0.005111188,0.009941728,0.019274124,0.058578219,0.005137557,0.004406326,0.052412091,0.013160745,0.03757848,0.013895299,0.017120282,0.012821842,0.011926105,0.004909596,0.015848749,0.005615581,0.006728579,0.005552954,0.032829552,0.006109385,0.007487442,0.006223936,0.003582121,0.006084499,0.013189798,0.007621146,0.040371476,0.012421992,0.004682585,0.016597162,0.009559965,0.016689884,0.012168999,0.161485902,0.011490343,0.02818386,0.006185278,0.013426918,0.006653651,0.004585555,0.009249193,0.00469362,0.010266286,0.009234897,0.007924375,0.00591582,0,0.010144276,0.004255683,0.010883385,0.008020105,0.021339209,0.009379872,0.006390351,0.00586933,0.005358725,0.016926284,0.004012746,0.011424433,0.032650155
Samsun,0.010517484,0.010182266,0.01134208,0.010168761,0.058528596,0.018298917,0.008003388,0.01321939,0.007502198,0.008528639,0.01109587,0.010648953,0.008528639,0.016141571,0.00911682,0.010250329,0.007524285,0.023163885,0.043812834,0.008557194,0.009361717,0.007937108,0.011512381,0.017229766,0.013380883,0.01175958,0.010560945,0.036685388,0.020666431,0.006453911,0.00932755,0.009127674,0.010319308,0.010403319,0.007682611,0.009918818,0.024733052,0.016962934,0.008096353,0.019609325,0.012247997,0.011924177,0.010503077,0.013084038,0.00782372,0.011868802,0.008388672,0.00736527,0.009396135,0.016418086,0.014068341,0.046468158,0.018211986,0.013017396,0,0.007698038,0.046468158,0.022617245,0.008823068,0.033191541,0.022159671,0.013334341,0.009171347,0.009742371,0.007776112,0.027481169,0.013889938
Siirt,0.013216461,0.024048509,0.007295404,0.028189793,0.010495862,0.008490283,0.007381979,0.014740634,0.00583541,0.005828121,0.006660115,0.032855005,0.096194034,0.007233195,0.006776196,0.006347498,0.005359461,0.008413725,0.009790998,0.00633457,0.04989744,0.005239091,0.027443592,0.016691988,0.021954874,0.007063453,0.018661643,0.01185619,0.014929314,0.032511573,0.013406353,0.007036819,0.012039769,0.006012127,0.005806361,0.018403987,0.008170597,0.011977948,0.005295585,0.010219958,0.00647524,0.008786084,0.006761465,0.021303245,0.005872134,0.016903662,0.040568788,0.005916818,0.051837896,0.010849792,0.010287565,0.011228425,0.011901558,0.006645884,0.009368295,0,0.008099671,0.013989237,0.005540868,0.012039769,0.012870098,0.021750166,0.025704742,0.006683969,0.035210647,0.010472302,0.006825765
Sinop,0.010543237,0.010261771,0.013350698,0.010038446,0.035077309,0.021256526,0.009432855,0.012382996,0.008896174,0.010739618,0.014171017,0.010543237,0.008670425,0.02120766,0.010777257,0.01303013,0.00942322,0.030446641,0.030049942,0.0101266,0.00955993,0.009962562,0.011361247,0.015375554,0.01250045,0.013831083,0.010579509,0.024666664,0.017211441,0.006818427,0.009530302,0.010789862,0.010579509,0.013235771,0.009106942,0.009835109,0.048811281,0.015796802,0.010171259,0.017843969,0.015742888,0.013331405,0.012382996,0.012602913,0.009281018,0.011648147,0.008703144,0.00873611,0.009404008,0.015401222,0.013626783,0.027955552,0.015742888,0.016803884,0.055911104,0.008008101,0,0.019021303,0.011128266,0.024470377,0.018053488,0.012637441,0.009394432,0.011502908,0.008015058,0.022446064,0.02005507
Sivas,0.016463904,0.017020654,0.010080903,0.011457806,0.03174122,0.015942423,0.008646075,0.010791043,0.006795131,0.007249538,0.00933318,0.014897571,0.010580407,0.011167276,0.008646075,0.00855164,0.006435206,0.015942423,0.02463829,0.007734963,0.014680314,0.006280348,0.021549085,0.028644516,0.016236293,0.010439335,0.01658012,0.023725761,0.019738238,0.007386322,0.01352505,0.009223234,0.014178171,0.007890875,0.006901617,0.011114434,0.014834844,0.035951791,0.006388532,0.021353185,0.009010935,0.014093102,0.009357969,0.028528546,0.007025475,0.020424785,0.012254871,0.00667287,0.012086708,0.025438812,0.021748614,0.022512942,0.014178171,0.009458458,0.020786286,0.010564544,0.014528971,0,0.006874684,0.065245842,0.016697988,0.018740827,0.014178171,0.008699446,0.008742619,0.031457817,0.009952756
Tekirdag,0.00862405,0.006882532,0.015575645,0.006009341,0.011502313,0.015788646,0.010790137,0.006374298,0.014545445,0.024178947,0.024178947,0.006400802,0.005645695,0.023442532,0.012583594,0.024630287,0.049129562,0.014684193,0.012381176,0.013826883,0.006169912,0.065973983,0.00687229,0.00790784,0.006811473,0.019992116,0.007342097,0.00856805,0.007448676,0.004741457,0.007318825,0.012600761,0.008680787,0.069972406,0.018289817,0.005935962,0.014431809,0.01020592,0.076333534,0.011979712,0.038009702,0.011545447,0.018773085,0.007412807,0.017899918,0.007840711,0.005834717,0.012583594,0.005947429,0.010715032,0.009963708,0.008932648,0.007159967,0.032986992,0.01062872,0.005484773,0.011141565,0.009011081,0,0.010072364,0.00760194,0.007115838,0.006621045,0.015291983,0.005221231,0.011502313,0.019948937
Tokat,0.013862786,0.013225416,0.010523883,0.010258049,0.060558485,0.017302424,0.007871913,0.010670274,0.006889888,0.007431289,0.009696162,0.011923432,0.008942574,0.013200129,0.008408852,0.008839523,0.006562421,0.020669663,0.038784648,0.007880899,0.011740931,0.00680835,0.0158705,0.022709432,0.014031844,0.010923524,0.013946803,0.025013287,0.018360817,0.006500628,0.011681332,0.008439691,0.01217578,0.008794481,0.007058965,0.009976398,0.018811083,0.025953636,0.006938359,0.02164159,0.01024283,0.012284106,0.009723475,0.01944695,0.00719132,0.016635343,0.010107858,0.006761672,0.010019836,0.0203648,0.017521998,0.029757187,0.014146859,0.010837782,0.029886006,0.008907958,0.018312115,0.063922845,0.007528536,0,0.016715901,0.015907068,0.01141102,0.00900087,0.007628362,0.03335105,0.011506112
Trabzon,0.009249083,0.010092067,0.007692486,0.016276854,0.016585908,0.010276759,0.006355473,0.033597095,0.005746872,0.006314635,0.007581215,0.016310623,0.012518663,0.009575786,0.006623185,0.007186216,0.005759502,0.011612585,0.015089674,0.006329888,0.012558659,0.005992165,0.015850243,0.034033421,0.026032186,0.007877475,0.009348062,0.05738482,0.078617203,0.008573305,0.008336925,0.006628769,0.008554647,0.007259206,0.005849494,0.018031469,0.01198433,0.01272123,0.006080217,0.010740055,0.00808819,0.008526812,0.007306432,0.013235219,0.005928899,0.010249961,0.010903912,0.005668147,0.014425175,0.011247096,0.010538499,0.043434919,0.104822938,0.008408257,0.022721735,0.010843752,0.015384971,0.018629669,0.006470552,0.019035642,0,0.021777619,0.009753995,0.006938853,0.010995413,0.012680194,0.0087547
Tunceli,0.012546513,0.018669692,0.007259471,0.01844901,0.015765518,0.009540258,0.006613501,0.016928267,0.005522952,0.005876454,0.006967796,0.053820215,0.023088554,0.008632667,0.006552419,0.006630358,0.005389455,0.010503272,0.013294602,0.006063661,0.028275113,0.005594216,0.057806898,0.06003024,0.03224765,0.007425244,0.01625819,0.01844901,0.02990012,0.012006048,0.012751522,0.006845554,0.011293678,0.006692908,0.005586207,0.017655953,0.010433063,0.013643236,0.005671462,0.011053727,0.007397091,0.008908597,0.006912251,0.033493267,0.005659123,0.017113884,0.021034855,0.005449673,0.030603652,0.01195089,0.011148473,0.017227221,0.017898925,0.007665944,0.013572054,0.018190982,0.010690317,0.020755136,0.006012274,0.017981408,0.021617538,0,0.017113884,0.006580043,0.016326216,0.013006552,0.007955078
Sanliurfa,0.024060844,0.075714398,0.009009683,0.013246981,0.011478261,0.010188728,0.009159677,0.011137476,0.006677079,0.006666292,0.007428325,0.025471819,0.021215603,0.008244625,0.008138924,0.006993957,0.005711328,0.009848293,0.010759934,0.007435017,0.045849274,0.005531414,0.024783392,0.014083395,0.016374741,0.008004723,0.060239923,0.010394042,0.011689617,0.01484329,0.024783392,0.008569958,0.020031236,0.006534338,0.006634139,0.011689617,0.00866898,0.016842591,0.005602763,0.013225752,0.007163949,0.01180668,0.008114916,0.030794289,0.006731541,0.038031656,0.043898241,0.00679808,0.018842168,0.014453361,0.015059981,0.010188728,0.009367616,0.007401677,0.009871853,0.022735177,0.008404144,0.016605371,0.005916035,0.013641106,0.010239292,0.018098398,0,0.007989225,0.014816642,0.01241033,0.007655723
Usak,0.010323429,0.006983496,0.060881762,0.004998713,0.010118134,0.01935643,0.024228456,0.005210802,0.0256229,0.031799849,0.028379148,0.005824339,0.005030485,0.015253032,0.041413757,0.022977955,0.016527068,0.014274882,0.01163916,0.046862935,0.005872355,0.011253027,0.006613896,0.006745423,0.005726018,0.032525873,0.007949962,0.007151773,0.006242915,0.004482798,0.008085319,0.041655942,0.010444525,0.014217897,0.033759081,0.004932941,0.011620173,0.011164837,0.010958717,0.01311817,0.018264529,0.020950489,0.050518909,0.007275961,0.036907597,0.008131468,0.005833879,0.023983724,0.005343711,0.012788449,0.012093661,0.007482317,0.005896661,0.020178941,0.009051037,0.005102555,0.008881753,0.008794032,0.011793321,0.009287048,0.006286996,0.006006042,0.006895611,0,0.00457787,0.012155574,0.013289489
Van,0.012122049,0.018745436,0.007581545,0.047025189,0.011293834,0.008812475,0.007482746,0.019207472,0.006202299,0.006209359,0.007084314,0.032373424,0.064939547,0.007934432,0.007098142,0.006780512,0.005803108,0.008986692,0.010311762,0.00668086,0.028938578,0.005846647,0.022776292,0.018152818,0.02628878,0.007472496,0.015720236,0.014040983,0.017739584,0.054009128,0.012258252,0.007341752,0.011258869,0.006664535,0.006174218,0.029972099,0.008949831,0.011884362,0.005906791,0.010370574,0.007149308,0.008927859,0.007093527,0.018907875,0.006237761,0.014624456,0.024136823,0.006160273,0.048923067,0.010920765,0.010430061,0.013288482,0.015173635,0.00732696,0.01106475,0.041169222,0.009478579,0.013535786,0.006167238,0.012055076,0.015258523,0.022823941,0.019586793,0.007011468,0,0.010592081,0.007513667
Yozgat,0.013999088,0.010819557,0.013940145,0.007892215,0.033783514,0.030374168,0.009666524,0.007753593,0.008065248,0.008852365,0.012469998,0.009500099,0.007439965,0.016189654,0.010346201,0.011035948,0.00760226,0.026916946,0.06366893,0.009527437,0.009405637,0.007357299,0.012017366,0.014088444,0.010063174,0.01468197,0.01254085,0.013709252,0.011396848,0.005621026,0.010611488,0.010837265,0.014209375,0.00986821,0.008308116,0.007717446,0.022370164,0.037837535,0.007515969,0.059121149,0.01182423,0.017896132,0.012517143,0.014058532,0.008500088,0.014780287,0.00828732,0.00788282,0.008205166,0.034850361,0.024707346,0.0150833,0.009527437,0.012660743,0.023733221,0.007431615,0.016110873,0.029560574,0.008246038,0.031988254,0.010679949,0.011035948,0.009957246,0.011299605,0.006428707,0,0.013624627
Zonguldak,0.011343337,0.008344269,0.017243701,0.007010554,0.01759851,0.031913715,0.011268611,0.007555544,0.01090928,0.017348632,0.03001009,0.007595804,0.006484364,0.053791671,0.013426807,0.025008409,0.013952489,0.027413063,0.019936773,0.012504204,0.0072482,0.015272992,0.008328019,0.010050383,0.008231834,0.023432536,0.009089135,0.011238996,0.009266388,0.005243946,0.009050662,0.013447918,0.011449633,0.025839504,0.012880837,0.006903047,0.031560427,0.014545707,0.015809382,0.018838933,0.038876708,0.016384819,0.02165285,0.00920654,0.013619229,0.009933654,0.006755826,0.0103171,0.006919802,0.01569335,0.014021108,0.011928697,0.008790211,0.046737026,0.01549434,0.006256676,0.018593208,0.012080333,0.018472734,0.014254793,0.009524361,0.008718528,0.007934022,0.015956858,0.00589041,0.01759851,0